Feature,Importance
Pb [mg/kg],0.09694989106753812
Mo [mg/kg],0.07701194956096917
Tm [mg/kg],0.04923747276688453
V [mg/kg],0.04734600911071499
La [mg/kg],0.04466230936819171
Cu [mg/kg],0.03848946986201889
Yb [mg/kg],0.03832442067736186
Latitude,0.03523965141612201
Lu [mg/kg],0.035056446821152706
Cr [mg/kg],0.03433188090050836
Ti [mg/kg],0.03333521960972942
LOI [%],0.03050108932461874
Fe [%],0.030501089324618726
Y [mg/kg],0.029906912259853435
U [mg/kg],0.028540305010893254
Elevation [m],0.02769996887643947
Th [mg/kg],0.026638938403644286
Mn [%],0.025836799366211118
Dy [mg/kg],0.02418300653594772
Zn [mg/kg],0.023965141612200435
Co [mg/kg],0.023856209150326796
Gd [mg/kg],0.023073876015052477
Ni [mg/kg],0.021931735657225854
Sm [mg/kg],0.02162144319007064
Ho [mg/kg],0.020169010365088797
Longitude,0.018320459496930088
Pr [mg/kg],0.01808278867102397
Eu [mg/kg],0.01706608569353668
Er [mg/kg],0.015250544662309365
SiO2 [%],0.014359279065161419
Ce [mg/kg],0.014349376114081987
Tb [mg/kg],0.01416122004357299
Zr [mg/kg],0.0
Depth sed [m],0.0
